y,X1,X2,Intercept
1.27906826,0.117597817,0.45810036,1.0
1.44614659,0.680371521,0.5219989,1.0
1.81669332,0.617361029,0.94720911,1.0
1.08147284,0.227657149,0.18780736,1.0
1.31709679,0.378984224,0.81664455,1.0
1.50356626,0.888913434,0.63849508,1.0
1.48776138,0.131183375,0.18412003,1.0
1.62220545,0.609522259,0.67736476,1.0
1.56979228,0.32601834,0.56463451,1.0
1.41007594,0.342709311,0.41972481,1.0
1.66486279,0.198165516,0.90642143,1.0
1.51458675,0.559158559,0.93995834,1.0
0.82435876,0.826285699,0.03726119,1.0
1.4138199,0.925827998,0.86205555,1.0
1.12144882,0.198560378,0.00646343,1.0
2.11084528,0.57856305,0.85354775,1.0
0.74249325,0.897643836,0.09861283,1.0
1.45683083,0.925761714,0.72438165,1.0
1.21788149,0.289222119,0.68243894,1.0
1.10610196,0.740849278,0.1520983,1.0
1.48736056,0.412067733,0.94246416,1.0
1.21044129,0.632341112,0.39409892,1.0
1.81925199,0.712343703,0.77242764,1.0
1.98376568,0.131755003,0.59172014,1.0
1.94988039,0.64962931,0.91565334,1.0
2.17127349,0.129619129,0.85650668,1.0
1.64535405,0.645830348,0.92621275,1.0
1.75991656,0.575966622,0.32190167,1.0
1.67464716,0.52730987,0.35278565,1.0
1.12122997,0.49286642,0.62329045,1.0
1.54663341,0.836030608,0.40373838,1.0
1.77300285,0.0994133053,0.46870271,1.0
1.89848278,0.403546072,0.41310659,1.0
1.75972673,0.083168023,0.82803214,1.0
1.54250095,0.484592039,0.74192483,1.0
1.21680723,0.54747127,0.21052379,1.0
1.18272781,0.350329807,0.3603325,1.0
1.63333813,0.318062288,0.98591818,1.0
1.47127721,0.843648323,0.7676988,1.0
1.03734241,0.877296775,0.30490359,1.0
1.19316278,0.263183589,0.57185601,1.0
1.93879448,0.113377919,0.07878107,1.0
1.35566267,0.579397837,0.30488433,1.0
1.02738218,0.934072384,0.11955155,1.0
1.86155735,0.292392279,0.62644871,1.0
1.55931654,0.249518696,0.62394621,1.0
1.607604,0.697746727,0.01683152,1.0
1.86332554,0.368809686,0.67465231,1.0
1.30573731,0.976947675,0.19028837,1.0
1.65347837,0.877913102,0.38957662,1.0
1.71795542,0.552777961,0.96763538,1.0
1.62347543,0.599078539,0.66296124,1.0
1.68682602,0.7301671,0.25477268,1.0
1.7545646,0.858190386,0.90292803,1.0
1.56799653,0.416393131,0.09478767,1.0
1.23366251,0.898138666,0.500715,1.0
1.83415857,0.255347866,0.87019487,1.0
1.39300387,0.812199471,0.09955183,1.0
2.01327899,0.221854782,0.27123682,1.0
1.52797365,0.511985104,0.11952262,1.0
1.4114148,0.020718361,0.22066278,1.0
1.76578418,0.732758728,0.58442745,1.0
0.88274357,0.630803331,0.22314769,1.0
1.28522697,0.886474647,0.89415302,1.0
1.32653735,0.270319259,0.25931995,1.0
1.98173988,0.686838735,0.88010269,1.0
1.23253116,0.441164546,0.25870361,1.0
1.20445726,0.332103247,0.59342136,1.0
1.69530414,0.716390079,0.80090107,1.0
1.54331864,0.302463766,0.50905397,1.0
1.55312101,0.0893224915,0.84947837,1.0
1.53036077,0.300404265,0.52119626,1.0
1.60208271,0.112014704,0.0778963,1.0
1.17570199,0.277853008,0.10568585,1.0
1.75877409,0.126675548,0.58908402,1.0
1.32105593,0.770474421,0.62607097,1.0
1.88809461,0.337450531,0.52558447,1.0
1.42933757,0.973660142,0.02921847,1.0
1.89552188,0.451093296,0.27041284,1.0
1.65907506,0.784582716,0.24265815,1.0
1.10492688,0.107733937,0.04261092,1.0
1.40012644,0.83626845,0.22930506,1.0
1.73576842,0.47851569,0.37429191,1.0
1.33348817,0.346467517,0.22634754,1.0
1.10453097,0.788697367,0.86327005,1.0
1.74073399,0.552032531,0.91273501,1.0
1.73725502,0.495761371,0.69983257,1.0
1.73794667,0.83659615,0.98546831,1.0
1.62497988,0.102635363,0.59357906,1.0
1.26082583,0.718643161,0.18100976,1.0
1.3773451,0.295286136,0.0533738,1.0
1.30782157,0.815201035,0.07345259,1.0
1.39651294,0.675913357,0.63653385,1.0
1.11027024,0.902753749,0.59859732,1.0
1.08575204,0.8391404,0.25006134,1.0
1.08010625,0.988594234,0.42283376,1.0
1.91559774,0.109406869,0.40067997,1.0
1.35820153,0.0902776514,0.39007642,1.0
0.68150163,0.901362975,0.10086763,1.0
1.17451527,0.881418983,0.8398948,1.0
0.89137416,0.870038042,0.31170826,1.0
1.54546871,0.282520647,0.03167035,1.0
0.92261127,0.957124837,0.67742818,1.0
1.61981289,0.41052971,0.83496364,1.0
1.24548458,0.827830044,0.81484291,1.0
1.36199997,0.894714501,0.93053146,1.0
1.7088437,0.43020045,0.00681671,1.0
1.36961675,0.898702732,0.042924,1.0
2.05875758,0.131422806,0.67392385,1.0
1.94222041,0.0705370778,0.842347,1.0
1.43478856,0.678627337,0.53686386,1.0
1.71426107,0.937822706,0.65226269,1.0
1.79518254,0.582097257,0.6572279,1.0
1.83261036,0.106456422,0.86221043,1.0
1.53929641,0.832726464,0.20107571,1.0
1.44188595,0.994056064,0.71258098,1.0
0.67470446,0.973850215,0.30856319,1.0
1.4390352,0.162994733,0.65837726,1.0
1.38277598,0.117714026,0.09046661,1.0
0.9621872,0.698750629,0.14867644,1.0
1.47640491,0.177597857,0.0767921,1.0
1.43425472,0.0608833174,0.54554284,1.0
1.4263582,0.507883996,0.20629222,1.0
1.8451203,0.850185044,0.8986346,1.0
1.77473802,0.652729574,0.7638861,1.0
1.57984463,0.0172671003,0.34332877,1.0
1.72965357,0.69090463,0.61411307,1.0
1.27888293,0.403441813,0.81944114,1.0
1.4228597,0.583997102,0.53418706,1.0
1.8392379,0.0692887484,0.80110572,1.0
1.63066403,0.774917046,0.73561654,1.0
1.48542207,0.43526383,0.63143051,1.0
1.49006716,0.976026516,0.49050769,1.0
1.23434113,0.652078606,0.98747997,1.0
1.62431782,0.29084202,0.15234218,1.0
1.19459683,0.272268542,0.47167125,1.0
1.33778012,0.459381592,0.62745862,1.0
1.49699618,0.33891514,0.23011469,1.0
1.90055986,0.136151457,0.38060034,1.0
1.30284973,0.87223105,0.35002153,1.0
1.059792,0.511088509,0.29753874,1.0
1.82999539,0.0847303885,0.50250791,1.0
1.78328351,0.0990358695,0.68722427,1.0
0.82569861,0.472685464,0.10539161,1.0
1.60587465,0.416623553,0.7451266,1.0
1.56442573,0.768106066,0.66623935,1.0
1.15653004,0.80671467,0.52192547,1.0
1.49191569,0.974352438,0.73022489,1.0
1.50249907,0.309405883,0.39690932,1.0
1.57379559,0.524689222,0.89975552,1.0
1.44653933,0.82664418,0.87550418,1.0
1.52004179,0.695990149,0.02446122,1.0
1.19377239,0.700828726,0.37737078,1.0
1.97342695,0.0364620378,0.62622509,1.0
0.78366753,0.621504364,0.12672064,1.0
1.47008974,0.296406558,0.33247274,1.0
1.0866062,0.544781076,0.56139396,1.0
2.04700657,0.197003431,0.51934477,1.0
0.94683623,0.71108291,0.05813034,1.0
1.9505254,0.450541376,0.58654316,1.0
1.07968264,0.0375141243,0.1282333,1.0
1.06766773,0.926826383,0.95116979,1.0
1.1392533,0.395403937,0.13669395,1.0
1.45335955,0.669808355,0.14704491,1.0
1.53058669,0.754919882,0.08405016,1.0
2.0267721,0.422385023,0.58513729,1.0
2.3700024,0.118259453,0.91973503,1.0
1.09750636,0.95063089,0.57033235,1.0
1.7103952,0.998321811,0.83405768,1.0
1.9263341,0.152793863,0.30130281,1.0
1.71656338,0.853588858,0.56129514,1.0
1.42359875,0.806074006,0.41806616,1.0
1.79015047,0.56719935,0.53176178,1.0
1.88735521,0.593320393,0.74379474,1.0
1.21594567,0.206109724,0.46471818,1.0
1.14123801,0.847744972,0.83983886,1.0
2.05337676,0.503501644,0.88321112,1.0
1.75300575,0.96717887,0.52157761,1.0
1.84524018,0.633371198,0.53499129,1.0
1.40173634,0.483022533,0.85765275,1.0
1.88488089,0.457310584,0.8964094,1.0
1.41884682,0.214311051,0.79395216,1.0
1.577642,0.449295133,0.33848704,1.0
1.13353451,0.0150963534,0.02541583,1.0
1.73421997,0.591753765,0.69547747,1.0
1.25615622,0.231059974,0.71376627,1.0
1.1090823,0.652731295,0.37911805,1.0
2.07835035,0.752598883,0.95685011,1.0
1.81224403,0.641109964,0.36664729,1.0
1.54134341,0.679772558,0.65387161,1.0
1.71377178,0.679537079,0.85413274,1.0
1.33377284,0.779940639,0.10020908,1.0
1.8878462,0.653270029,0.75793219,1.0
1.52711773,0.325200797,0.12630152,1.0
1.31515243,0.379363407,0.31985636,1.0
1.46937745,0.641691581,0.68098637,1.0
1.77134193,0.376444618,0.74037119,1.0
1.23225098,0.452479433,0.68250227,1.0
1.57766585,0.311408586,0.58693595,1.0
1.13283133,0.987703691,0.16769835,1.0
1.54367738,0.445485477,0.91637052,1.0
1.10848315,0.491216949,0.64623705,1.0
2.06290289,0.691204916,0.97863082,1.0
1.37012362,0.530754489,0.11257073,1.0
1.20421023,0.481186709,0.54598203,1.0
0.92450941,0.734629853,0.19772121,1.0
1.62650949,0.941679172,0.7821832,1.0
1.24757784,0.171624011,0.42590976,1.0
1.68249297,0.612195458,0.16003962,1.0
0.91976631,0.9689979,0.26612502,1.0
1.92383334,0.346704378,0.36474131,1.0
1.30214943,0.127674585,0.42927447,1.0
1.58352829,0.254161711,0.16316951,1.0
1.22002975,0.645392021,0.9365802,1.0
1.70090591,0.278286966,0.36803703,1.0
1.92487399,0.0475085683,0.8569175,1.0
1.61123576,0.798030663,0.17670228,1.0
1.27516134,0.432133846,0.50827957,1.0
1.05961115,0.613464268,0.62002751,1.0
1.7066706,0.913721258,0.57981154,1.0
1.14530077,0.21832285,0.40922967,1.0
1.83410993,0.57862494,0.30036704,1.0
1.70367244,0.193608178,0.20192944,1.0
2.07862699,0.435470178,0.66909816,1.0
1.57364517,0.618381603,0.33680308,1.0
1.30997516,0.808715233,0.02145979,1.0
1.26027761,0.543672443,0.06995655,1.0
2.23373976,0.132595327,0.89886958,1.0
1.6824141,0.950425548,0.42768067,1.0
1.37033112,0.0206666803,0.15666329,1.0
1.85797421,0.72116665,0.6838708,1.0
1.42748049,0.545592413,0.82209341,1.0
1.32945935,0.958659413,0.16487035,1.0
0.92657362,0.986710742,0.09000793,1.0
1.00200077,0.666356984,0.26004664,1.0
1.59008118,0.289278595,0.33142534,1.0
1.50619749,0.370576807,0.74761481,1.0
1.52976301,0.646758583,0.05669996,1.0
0.93994086,0.811911255,0.1640583,1.0
1.75765091,0.969446154,0.51199596,1.0
1.05968512,0.507682847,0.00276382,1.0
1.65202953,0.249868553,0.60316106,1.0
1.65798849,0.134477584,0.56341203,1.0
1.13669029,0.52394405,0.36942686,1.0
1.69594335,0.0642563591,0.08124786,1.0
1.38232053,0.460142023,0.4925225,1.0
1.14645527,0.107676403,0.05882338,1.0
1.15962,0.90323025,0.20460991,1.0
2.06452611,0.399724231,0.67852982,1.0
1.81840889,0.628648464,0.41273388,1.0
0.89671613,0.402863036,0.06076266,1.0
1.63201044,0.693147356,0.35252567,1.0
1.57627752,0.472599605,0.14058276,1.0
0.9092379,0.429499659,0.14541974,1.0
1.74273837,0.329049003,0.74161633,1.0
0.90239285,0.9308452,0.44163929,1.0
1.42316363,0.896771146,0.45352362,1.0
1.40638193,0.718486122,0.20547945,1.0
1.47868233,0.886741981,0.38268583,1.0
1.35452396,0.285033038,0.15244973,1.0
1.65057818,0.331671761,0.94110617,1.0
1.46640043,0.664980765,0.36753319,1.0
1.00999675,0.801110692,0.61547328,1.0
1.40290426,0.0319217771,0.45369918,1.0
1.57473796,0.515794998,0.38035154,1.0
1.19586365,0.637751473,0.08953801,1.0
1.61924063,0.87520649,0.46547324,1.0
1.21116774,0.699828748,0.55358852,1.0
1.88763003,0.208342727,0.47631827,1.0
1.57844432,0.445571606,0.31591284,1.0
1.82870372,0.16480895,0.71233298,1.0
1.7203408,0.296809511,0.0155658,1.0
2.37254188,0.1860279,0.99129006,1.0
2.10280824,0.125670695,0.94127068,1.0
1.50306335,0.334948094,0.64479603,1.0
1.48380233,0.0222677539,0.6286834,1.0
1.3275793,0.545581298,0.68082197,1.0
1.62436732,0.591925861,0.8199939,1.0
1.53838965,0.952092437,0.33873992,1.0
1.3462591,0.596808091,0.22199171,1.0
1.68705033,0.591669788,0.47753625,1.0
1.91400243,0.281172129,0.63383796,1.0
2.07364773,0.109997739,0.72858156,1.0
1.51112645,0.782814498,0.83494485,1.0
1.28400925,0.701059669,0.23934968,1.0
1.45121786,0.186501354,0.00938284,1.0
1.16135599,0.727258473,0.92969473,1.0
1.69239296,0.246090316,0.25379222,1.0
1.87831392,0.488037346,0.27385318,1.0
1.29363021,0.120699714,0.43624695,1.0
1.31145252,0.93627069,0.12716557,1.0
1.58542956,0.729802016,0.49663162,1.0
1.47904914,0.88513798,0.10110974,1.0
1.29584157,0.739462492,0.81374261,1.0
1.20924285,0.684054262,0.95667241,1.0
1.48312209,0.702721365,0.58186244,1.0
2.19655575,0.513780466,0.91565624,1.0
1.81670883,0.730737419,0.58232023,1.0
1.59250736,0.269153145,0.30439149,1.0
1.18478593,0.827688882,0.80191726,1.0
1.49464943,0.646774101,0.59531958,1.0
1.63263459,0.441818966,0.16193094,1.0
1.88760274,0.117997578,0.88412336,1.0
1.57899761,0.676017238,0.50098702,1.0
1.6624131,0.806996395,0.49298484,1.0
1.00030595,0.967289554,0.13299368,1.0
2.10907423,0.222655179,0.79279764,1.0
1.1788497,0.62456127,0.6739153,1.0
1.70133134,0.349077425,0.51263666,1.0
1.98569779,0.29452386,0.78853322,1.0
2.11626856,0.11454172,0.3974624,1.0
0.84088716,0.824720804,0.10820139,1.0
1.37736578,0.268322915,0.11085031,1.0
1.12388437,0.622689524,0.235189,1.0
1.47777649,0.572053285,0.28738501,1.0
1.37172578,0.473838457,0.83848734,1.0
1.70379337,0.116322122,0.89470586,1.0
1.83065841,0.791554177,0.90000399,1.0
1.74055074,0.269207775,0.41015102,1.0
1.64043124,0.655903396,0.79750848,1.0
1.15159589,0.885868452,0.37786778,1.0
1.45980115,0.45128227,0.24037248,1.0
0.86660957,0.65734766,0.37761351,1.0
1.79339108,0.712173336,0.6728541,1.0
0.93386221,0.810321278,0.56534152,1.0
1.19868686,0.692229381,0.07972398,1.0
1.13428605,0.700038292,0.03330867,1.0
1.56880892,0.408405807,0.29132292,1.0
1.77422684,0.986091488,0.91105057,1.0
1.40555145,0.306381233,0.45743977,1.0
1.83824153,0.182710078,0.62796608,1.0
1.2316311,0.999380254,0.84706087,1.0
1.17321203,0.594437141,0.20125275,1.0
2.11401208,0.240371762,0.96803139,1.0
1.33545826,0.878296507,0.74620282,1.0
2.05633916,0.361021412,0.4856807,1.0
1.05601297,0.569905,0.32455086,1.0
1.49716506,0.767868559,0.23865045,1.0
2.07997943,0.043337362,0.63811221,1.0
2.15387206,0.178808561,0.60851169,1.0
1.41277836,0.191111652,0.60090861,1.0
1.18424781,0.832320296,0.11850732,1.0
1.49002381,0.770970859,0.82480625,1.0
1.77076628,0.542588741,0.26392362,1.0
1.66545057,0.357037098,0.93980003,1.0
1.58282628,0.127742619,0.05882411,1.0
1.48000428,0.945677304,0.46849048,1.0
1.31735384,0.531838083,0.76712158,1.0
1.57885306,0.909320493,0.39251055,1.0
1.47087656,0.179544332,0.03558802,1.0
1.21426796,0.696274031,0.4305572,1.0
1.62967169,0.315768818,0.41875779,1.0
0.60689962,0.959553686,0.16131894,1.0
1.57108513,0.0712190634,0.46514061,1.0
1.46643299,0.977180065,0.60356202,1.0
1.79989108,0.781123067,0.53095098,1.0
1.18900595,0.325883394,0.03110892,1.0
1.66547206,0.653423905,0.43542798,1.0
1.38803249,0.801149092,0.93866713,1.0
1.372104,0.760659359,0.41422522,1.0
1.66109316,0.318595317,0.39070271,1.0
1.57224036,0.153203629,0.39396235,1.0
1.53354393,0.962713111,0.96241797,1.0
1.49159586,0.639682123,0.78334793,1.0
1.70117577,0.591260993,0.83880328,1.0
1.34805987,0.70300866,0.36635517,1.0
1.8011002,0.400672775,0.61446014,1.0
1.89362328,0.048562358,0.81111821,1.0
1.7059716,0.629086032,0.74861534,1.0
1.39280016,0.432403786,0.83220043,1.0
1.96927373,0.268835392,0.70774416,1.0
1.59408228,0.429898731,0.18348105,1.0
1.62721754,0.669906642,0.9087607,1.0
1.81071119,0.366016229,0.43983384,1.0
1.38316232,0.563844087,0.55084474,1.0
1.88498242,0.559696788,0.96099022,1.0
1.17356523,0.557267486,0.05162046,1.0
1.29197795,0.283407379,0.46084607,1.0
1.27668789,0.105177838,0.18503045,1.0
1.3709697,0.952699317,0.67740658,1.0
1.20645342,0.253085039,0.62856554,1.0
1.48624049,0.0624864994,0.3357549,1.0
1.16097601,0.747781058,0.84436967,1.0
1.44313865,0.71287257,0.58159218,1.0
1.34922271,0.57948146,0.73423769,1.0
1.7090421,0.467281347,0.19074477,1.0
1.78620935,0.380128366,0.71008658,1.0
2.24890805,0.156523426,0.66856087,1.0
1.44124646,0.860961554,0.31403638,1.0
1.43950275,0.811055266,0.59807602,1.0
1.54350811,0.0572782919,0.88917769,1.0
1.89531538,0.54271992,0.94870112,1.0
1.92187126,0.26310494,0.47039394,1.0
1.76742184,0.44236134,0.12655276,1.0
1.41106122,0.119600775,0.13358149,1.0
1.03463238,0.745125907,0.32449473,1.0
1.93301504,0.510666061,0.75724923,1.0
1.8144243,0.753588649,0.68391414,1.0
1.27336735,0.485153816,0.84560985,1.0
1.33951283,0.399395035,0.64354803,1.0
2.23361104,0.0295475261,0.52661964,1.0
2.27241535,0.0783445327,0.80709513,1.0
1.54609191,0.786245772,0.618737,1.0
1.21997732,0.449700662,0.62192333,1.0
2.28866712,0.0542565833,0.8977962,1.0
0.95079174,0.348690065,0.15214802,1.0
1.13624998,0.655047694,0.29388361,1.0
1.44594855,0.0941417329,0.95518711,1.0
1.91645069,0.422568331,0.82876297,1.0
1.36487305,0.398171902,0.80488556,1.0
1.26929792,0.906839592,0.9181244,1.0
1.56433943,0.616331784,0.40654858,1.0
1.59017345,0.411754931,0.78853928,1.0
1.12368887,0.758774115,0.53452549,1.0
0.93182363,0.465375398,0.2958116,1.0
0.69965694,0.749006473,0.12192836,1.0
1.90755449,0.629185464,0.98273295,1.0
1.8328806,0.0455554037,0.64393526,1.0
1.33423016,0.327173924,0.16223403,1.0
1.47799382,0.723528549,0.35032014,1.0
1.31809556,0.00905177051,0.1056358,1.0
1.37279983,0.284706257,0.20832111,1.0
1.18745178,0.914281285,0.56610876,1.0
1.71521461,0.911784279,0.34417486,1.0
1.90103466,0.00812992845,0.12891271,1.0
1.04201477,0.924772205,0.67592014,1.0
1.71569993,0.0781302097,0.0088955,1.0
1.48526636,0.351297829,0.33352661,1.0
1.8445001,0.611217966,0.86321702,1.0
1.5733401,0.830857437,0.56064697,1.0
1.34980718,0.931935479,0.58790751,1.0
1.18677391,0.420989735,0.21865631,1.0
0.83901675,0.527853828,0.13820888,1.0
1.13731477,0.982657499,0.77984523,1.0
0.91656165,0.86746927,0.26878839,1.0
0.79526124,0.87428368,0.06742605,1.0
1.15574628,0.947486407,0.23937164,1.0
1.92762468,0.165222177,0.98845872,1.0
1.4172694,0.66362571,0.42855067,1.0
1.83295859,0.0965688262,0.73399074,1.0
1.07088105,0.541527133,0.58571782,1.0
1.28842388,0.21488906,0.2429725,1.0
0.95064069,0.727638245,0.16934718,1.0
1.7740115,0.456066974,0.84791212,1.0
2.09979713,0.236082199,0.47772547,1.0
1.93959017,0.640483202,0.71412974,1.0
1.37031536,0.434653682,0.58285718,1.0
1.49779115,0.696834038,0.89071042,1.0
1.66069286,0.569994027,0.37918306,1.0
1.53472724,0.579564084,0.47856927,1.0
0.65974098,0.847449414,0.00325924,1.0
0.93209936,0.937633901,0.53749786,1.0
1.33465076,0.863869957,0.85600632,1.0
1.42027015,0.782877476,0.899079,1.0
1.76912046,0.768033436,0.61798648,1.0
1.75310767,0.72159046,0.40333721,1.0
1.83363233,0.333974322,0.14777457,1.0
2.02003899,0.70968974,0.95686108,1.0
0.83671153,0.777790221,0.3451144,1.0
1.51230417,0.248383029,0.93719326,1.0
1.53957529,0.41360524,0.24665387,1.0
1.71072796,0.489957863,0.21074595,1.0
1.60749817,0.0564123277,0.74024071,1.0
1.37156653,0.909556383,0.40401124,1.0
2.03952114,0.194120636,0.97469268,1.0
1.35731792,0.562981685,0.54537131,1.0
1.41181285,0.635776055,0.38519571,1.0
1.80863623,0.0343674214,0.17406279,1.0
1.58400039,0.27229841,0.66644296,1.0
2.31095311,0.28401072,0.93923324,1.0
1.61210453,0.35747815,0.66508343,1.0
1.60446616,0.78463635,0.00685225,1.0
1.57213797,0.567837814,0.14797802,1.0
1.41176575,0.450840048,0.07008326,1.0
1.69394517,0.0268379988,0.416361,1.0
1.82586824,0.0994280213,0.69624724,1.0
2.03563942,0.4369614,0.87872898,1.0
1.48246761,0.759609364,0.26891504,1.0
1.80009414,0.693996427,0.62103701,1.0
1.47052965,0.756131143,0.60876924,1.0
1.33006567,0.621184572,0.14993435,1.0
0.92546403,0.823985398,0.57638382,1.0
1.56077821,0.793649006,0.59901859,1.0
2.2025128,0.238036974,0.78713596,1.0
1.95565176,0.398618954,0.60662157,1.0
1.39777979,0.976298762,0.31435486,1.0
2.03668595,0.410057778,0.5345292,1.0
1.82745948,0.806701292,0.58046872,1.0
1.43276118,0.511832934,0.83127663,1.0
1.2380534,0.422135067,0.69399601,1.0
0.94175831,0.886921707,0.12654093,1.0
1.59883375,0.331939758,0.79144441,1.0
1.88710533,0.950672933,0.93724951,1.0
1.84300317,0.163314344,0.96706507,1.0
2.15153319,0.11696795,0.70917497,1.0
1.50394786,0.247114975,0.85462206,1.0
1.58814085,0.693010572,0.3291667,1.0
2.0570023,0.00320197088,0.63059513,1.0
0.66467556,0.84815524,0.04936314,1.0
1.2382131,0.656643482,0.29197298,1.0
1.53692434,0.81555947,0.64686844,1.0
1.58766206,0.154818359,0.65537503,1.0
1.36306579,0.956605706,0.87072875,1.0
1.30256956,0.141837161,0.17560956,1.0
1.75830856,0.932468756,0.47912015,1.0
1.55931261,0.0914414322,0.20813742,1.0
0.96430634,0.648213092,0.18912437,1.0
1.68299817,0.199487586,0.93885419,1.0
1.01664937,0.675631213,0.66735366,1.0
1.75011897,0.429565601,0.20844471,1.0
1.67869404,0.128256314,0.83348396,1.0
1.02458568,0.521952078,0.53468299,1.0
1.39122807,0.0301187485,0.01144889,1.0
2.20946367,0.304577999,0.77066028,1.0
0.97683588,0.974512288,0.30642887,1.0
1.1530042,0.873452608,0.20608585,1.0
1.75419542,0.843748,0.65393238,1.0
1.40834434,0.965158904,0.69006855,1.0
1.7899758,0.305760981,0.63980139,1.0
1.80120568,0.658951384,0.47094602,1.0
1.3545909,0.82986171,0.45848351,1.0
2.09651212,0.162889867,0.67794304,1.0
1.8565252,0.564020852,0.86281802,1.0
2.25980188,0.104381334,0.82705861,1.0
1.47917484,0.741193896,0.54961316,1.0
1.2794232,0.763501787,0.88176354,1.0
1.24991188,0.0999477009,0.38956453,1.0
1.62761684,0.458087737,0.8695995,1.0
1.37400562,0.788298375,0.00575428,1.0
1.78537148,0.272106874,0.42980252,1.0
1.54908584,0.472984552,0.18638609,1.0
1.86132954,0.387973608,0.22482661,1.0
1.02380817,0.585592203,0.60786185,1.0
2.1098367,0.141470726,0.73663428,1.0
1.52636846,0.250031762,0.74345069,1.0
1.17822089,0.981696197,0.22812209,1.0
1.75636751,0.698348613,0.57565336,1.0
1.44991788,0.767218102,0.95252088,1.0
1.57924496,0.785642955,0.67112578,1.0
1.8910652,0.00398231432,0.75336367,1.0
1.32213376,0.1689979,0.80908295,1.0
1.51727146,0.748288044,0.78195719,1.0
1.06796768,0.571248448,0.61185032,1.0
1.55468041,0.751392252,0.74521633,1.0
1.98912013,0.484079218,0.49101225,1.0
1.29763802,0.500291134,0.59395943,1.0
1.63320383,0.253646235,0.68461843,1.0
1.66873303,0.936843733,0.89216879,1.0
1.36187652,0.897736797,0.74525736,1.0
1.43788637,0.0374296371,0.68538244,1.0
1.61796639,0.227307246,0.72589585,1.0
1.39581772,0.603086529,0.04451933,1.0
1.73804049,0.165525769,0.11001955,1.0
1.91070275,0.02636015,0.83652636,1.0
0.9542577,0.467763574,0.29378851,1.0
1.07627779,0.913536025,0.76162797,1.0
1.64127473,0.232301871,0.18419632,1.0
1.10997775,0.787154701,0.83191561,1.0
0.93087367,0.912327796,0.0714229,1.0
1.8760891,0.416482368,0.35009644,1.0
1.00742637,0.701316629,0.30282327,1.0
2.04312395,0.360069709,0.45741842,1.0
1.94769777,0.189311331,0.39418333,1.0
1.69076322,0.533908277,0.48259374,1.0
1.20144711,0.0408682074,0.11575835,1.0
1.85533507,0.591590759,0.45838632,1.0
1.92649184,0.52258048,0.50551361,1.0
1.47184559,0.526723629,0.3799486,1.0
1.71401436,0.048017707,0.675343,1.0
1.29676769,0.860010467,0.53846114,1.0
1.5323271,0.518689708,0.25687988,1.0
1.34253556,0.183838207,0.28621568,1.0
1.10289999,0.751302156,0.49170326,1.0
1.19015081,0.0425978894,0.28878705,1.0
2.00612478,0.575655673,0.92552297,1.0
1.94827119,0.612689448,0.60782941,1.0
1.87421925,0.0112674411,0.56639202,1.0
1.64937606,0.878937597,0.97160186,1.0
0.88062381,0.712943909,0.24800255,1.0
1.49040246,0.0220866195,0.4612411,1.0
1.64886573,0.708625358,0.99980227,1.0
1.32509624,0.685687378,0.73367761,1.0
1.60070724,0.93782065,0.17230785,1.0
1.3089815,0.456480269,0.56901113,1.0
1.29473696,0.539005059,0.68432403,1.0
1.66699441,0.606680372,0.54492967,1.0
1.11770644,0.624195736,0.27493798,1.0
1.51875559,0.287409485,0.08885282,1.0
1.22211542,0.620755035,0.05701454,1.0
1.71550333,0.711804022,0.40790427,1.0
1.55003708,0.528569662,0.1508177,1.0
2.22332853,0.236587848,0.69143355,1.0
1.29424962,0.534361569,0.25287674,1.0
1.03733316,0.449705715,0.5213068,1.0
1.2286201,0.813922606,0.10853944,1.0
0.9123256,0.183478411,0.00507385,1.0
1.56854005,0.872737919,0.73902354,1.0
0.85771644,0.994205899,0.06482772,1.0
1.13138445,0.213041467,0.26710438,1.0
1.77296703,0.156199323,0.27323713,1.0
1.23846768,0.496872966,0.22470988,1.0
1.94243599,0.386769918,0.78588718,1.0
1.87044544,0.514429617,0.95778216,1.0
1.09449674,0.19080007,0.06587053,1.0
1.40857672,0.471640252,0.23037058,1.0
1.25532645,0.673745061,0.27686889,1.0
1.24423507,0.345678671,0.14761842,1.0
1.45078893,0.0643936259,0.10041488,1.0
1.18739041,0.611552399,0.16143136,1.0
1.26511937,0.899188032,0.20117341,1.0
1.56686199,0.779983739,0.29170658,1.0
1.84036108,0.622412373,0.93644764,1.0
1.63703816,0.888993683,0.29696233,1.0
1.61385391,0.815872665,0.26669133,1.0
2.29765948,0.154467099,0.92826196,1.0
1.28946348,0.804966643,0.62433695,1.0
1.10444581,0.0835669909,0.07205912,1.0
1.02495444,0.504762877,0.53958736,1.0
2.00465479,0.382796348,0.74984066,1.0
1.38814405,0.330827047,0.96629896,1.0
1.61206637,0.748040597,0.94128148,1.0
2.35145994,0.0101975697,0.79480371,1.0
1.75537802,0.601634971,0.58273422,1.0
1.29311726,0.83620133,0.62873686,1.0
1.77132514,0.345812338,0.45986756,1.0
1.60693637,0.72106159,0.96926814,1.0
1.18713374,0.15534375,0.12585629,1.0
1.38893343,0.337131969,0.61649556,1.0
1.2800038,0.699694767,0.61944721,1.0
1.89483551,0.280124585,0.67602498,1.0
1.44831686,0.322583667,0.53745551,1.0
1.53285344,0.751998145,0.36013915,1.0
1.88787822,0.552249363,0.55291093,1.0
1.64712499,0.358232692,0.61752958,1.0
1.13944255,0.663990808,0.49909383,1.0
1.41965418,0.4294669,0.12496215,1.0
1.17874669,0.652109397,0.61434463,1.0
1.32168276,0.627807522,0.57399825,1.0
1.35605763,0.849522799,0.30123071,1.0
1.41568375,0.936120739,0.50173581,1.0
1.47830953,0.0608851371,0.78357334,1.0
1.97275165,0.389978384,0.97247574,1.0
0.86788021,0.814635832,0.47192113,1.0
1.66456957,0.221919684,0.49348559,1.0
1.84031923,0.450034663,0.77151952,1.0
1.16960686,0.558538847,0.80001559,1.0
1.46751276,0.313827328,0.64332055,1.0
1.77668171,0.919635014,0.9527276,1.0
1.75909801,0.0339895174,0.87304115,1.0
1.76185987,0.84704716,0.76877951,1.0
0.93850966,0.595073837,0.36817317,1.0
1.81108899,0.253262864,0.00921525,1.0
1.46189111,0.989269245,0.02882144,1.0
1.04104184,0.655727035,0.42290688,1.0
1.8089799,0.308338168,0.15873716,1.0
1.49207435,0.60654147,0.40323324,1.0
1.46124371,0.345613795,0.65804845,1.0
0.85294084,0.802287854,0.48826525,1.0
1.26691145,0.837694514,0.67586728,1.0
0.94483991,0.914114222,0.73942592,1.0
1.93137984,0.260981305,0.63179044,1.0
1.22624241,0.775617781,0.35824445,1.0
1.78713724,0.246550965,0.64411656,1.0
1.9721943,0.32810485,0.9269625,1.0
1.54650107,0.0386066447,0.46814439,1.0
1.90334703,0.452374799,0.78881161,1.0
1.83250574,0.0968853371,0.64238914,1.0
1.39507814,0.525528963,0.00817531,1.0
1.00481624,0.913465716,0.77966093,1.0
1.48504508,0.00441955409,0.4182343,1.0
1.18036523,0.813633235,0.96574207,1.0
1.55211666,0.819451394,0.5932581,1.0
1.21572565,0.613967017,0.8511648,1.0
1.96926201,0.263504368,0.51697786,1.0
1.41090833,0.749812105,0.66742612,1.0
1.68134779,0.84875744,0.63815643,1.0
1.24577276,0.174702237,0.04827595,1.0
1.92168495,0.0998497487,0.63133081,1.0
1.16823636,0.317696693,0.57703103,1.0
2.00143226,0.771898541,0.88671697,1.0
1.6237583,0.822061092,0.33016015,1.0
1.39480008,0.997317709,0.9712155,1.0
1.56641566,0.303041116,0.53213966,1.0
0.71443195,0.877219313,0.0312639,1.0
1.2180917,0.174404163,0.29081818,1.0
0.99994577,0.638762384,0.06167857,1.0
1.94879188,0.122093405,0.98047415,1.0
2.11534011,0.147143886,0.91555675,1.0
1.40389842,0.584459929,0.78787529,1.0
1.95343516,0.718707471,0.95468782,1.0
1.69100279,0.665513723,0.16235254,1.0
1.77025197,0.462202857,0.3965574,1.0
1.50260423,0.900738584,0.06304866,1.0
1.96424163,0.158358956,0.61969026,1.0
1.81370785,0.844599425,0.57820539,1.0
1.26806193,0.441130871,0.63375073,1.0
1.91052189,0.0435381642,0.79830473,1.0
1.92085192,0.821671483,0.98509099,1.0
1.31061123,0.161490346,0.03415617,1.0
1.17106878,0.38589613,0.64920247,1.0
1.80672874,0.0590203692,0.0975978,1.0
1.9477044,0.585232822,0.73297089,1.0
1.66600147,0.433645044,0.49335542,1.0
1.83508965,0.358767921,0.63229256,1.0
1.27035036,0.164021749,0.55472684,1.0
2.01509893,0.0372704549,0.62124545,1.0
1.9513958,0.478474359,0.59250546,1.0
1.7097353,0.257265148,0.47320694,1.0
1.8692219,0.0717539819,0.86992758,1.0
1.00838867,0.934204402,0.16303916,1.0
1.78720219,0.395124849,0.12038088,1.0
1.23596283,0.835157282,0.53650759,1.0
1.03024805,0.193566352,0.13945719,1.0
0.87488097,0.365892756,0.08459281,1.0
1.28951364,0.380720446,0.16508085,1.0
1.94281555,0.176889154,0.96942321,1.0
0.7484397,0.623867409,0.03243178,1.0
1.2675186,0.856819532,0.53730798,1.0
1.6471698,0.892235951,0.88841585,1.0
1.4695583,0.496325023,0.2813447,1.0
1.56821763,0.516603239,0.45335743,1.0
1.80515199,0.318064087,0.44345665,1.0
1.93443361,0.453934829,0.55190085,1.0
1.82132799,0.562935169,0.66558656,1.0
1.92074161,0.457419484,0.68209062,1.0
1.66158028,0.755496286,0.1925778,1.0
1.82871054,0.0591993418,0.81611203,1.0
1.88912281,0.336538107,0.67775896,1.0
1.62862801,0.25686159,0.16145804,1.0
1.44508305,0.263463838,0.61015237,1.0
1.98900342,0.15111776,0.99843455,1.0
1.94977573,0.820129932,0.77127084,1.0
1.67943037,0.713111824,0.79398465,1.0
1.73785703,0.169683364,0.24281279,1.0
1.46372992,0.168058048,0.23872335,1.0
1.36377952,0.962068895,0.51210048,1.0
2.15742003,0.151293954,0.70774305,1.0
2.10795661,0.374329347,0.61232852,1.0
1.81664393,0.222382943,0.85783057,1.0
1.15366482,0.139006484,0.21790538,1.0
1.17502069,0.696190503,0.54718991,1.0
1.35098846,0.701227034,0.20367222,1.0
1.08811637,0.847989895,0.39664551,1.0
2.21298827,0.176524772,0.9491682,1.0
1.95978401,0.430250683,0.44577156,1.0
1.56145394,0.532562983,0.95842183,1.0
1.33102263,0.906105908,0.56514092,1.0
1.50236309,0.217005717,0.42649393,1.0
1.64102547,0.187450519,0.52760953,1.0
1.48357085,0.80728689,0.90764499,1.0
1.73057072,0.0624010163,0.13175841,1.0
1.59479527,0.554049396,0.05889214,1.0
1.13156296,0.451898089,0.4586992,1.0
1.10940875,0.306628798,0.05682132,1.0
1.19908479,0.482051329,0.48775059,1.0
1.5324074,0.306509971,0.58634667,1.0
1.04310241,0.570970668,0.36163434,1.0
1.46411981,0.38669619,0.31659995,1.0
1.2267686,0.376047681,0.0297046,1.0
1.93959019,0.14166037,0.10805331,1.0
1.42883773,0.732191811,0.461384,1.0
2.09376288,0.77124975,0.97497553,1.0
2.1122215,0.513351754,0.94275492,1.0
1.49018479,0.83604658,0.72292229,1.0
1.99935265,0.538226477,0.88418358,1.0
1.92060115,0.185347129,0.17920526,1.0
1.44062074,0.946867711,0.81852637,1.0
1.42186638,0.484695338,0.91669787,1.0
1.02248497,0.399639976,0.21501741,1.0
2.0328763,0.0624412646,0.25358831,1.0
1.97051799,0.101378718,0.68582441,1.0
1.7864267,0.0858847537,0.81592894,1.0
0.87707982,0.757527903,0.4425885,1.0
1.14118166,0.89424661,0.80948319,1.0
1.20741368,0.568593389,0.79645341,1.0
1.3092694,0.164756461,0.57059729,1.0
0.98829416,0.923828496,0.16410543,1.0
1.31959188,0.208981594,0.44393748,1.0
1.45171444,0.570884009,0.91585055,1.0
1.80872271,0.423163532,0.1477539,1.0
0.71289246,0.854429024,0.13726978,1.0
1.20047059,0.413989401,0.1984787,1.0
1.51839145,0.366067239,0.60397945,1.0
1.10669663,0.539823141,0.71489156,1.0
1.23624935,0.697787626,0.24517695,1.0
0.79937029,0.901778189,0.23878818,1.0
1.57832022,0.077154538,0.61883449,1.0
1.71800742,0.764846372,0.68132162,1.0
1.66602268,0.165246193,0.37576576,1.0
1.70513885,0.0803828091,0.90018962,1.0
1.68115033,0.448838949,0.41327564,1.0
1.69398781,0.229527358,0.1556302,1.0
1.92701866,0.775529746,0.63033009,1.0
1.658217,0.822025665,0.68654835,1.0
1.70785296,0.235162766,0.70794316,1.0
2.16285383,0.42096758,0.84825681,1.0
1.53484975,0.295342209,0.49009289,1.0
1.90639592,0.281479582,0.51581663,1.0
1.02530571,0.873470409,0.30745191,1.0
1.33986344,0.212167669,0.05909022,1.0
2.31369596,0.207802822,0.98748079,1.0
1.75134576,0.307082755,0.30606982,1.0
1.65147507,0.151725322,0.09482346,1.0
1.30289214,0.602435083,0.12221128,1.0
1.39236164,0.323373551,0.932903,1.0
1.68409059,0.394507307,0.45256946,1.0
1.19198789,0.994866617,0.42577465,1.0
1.37620026,0.742354632,0.98745541,1.0
1.64063124,0.308912963,0.85884029,1.0
1.23146445,0.755997371,0.43561531,1.0
0.66269805,0.932901647,0.03661869,1.0
1.85380709,0.389621146,0.26674428,1.0
2.21752557,0.00570119413,0.92397992,1.0
1.71393667,0.253020542,0.53281506,1.0
1.22503572,0.0637043788,0.33943858,1.0
1.56446381,0.618126296,0.2579966,1.0
1.3562935,0.0893744142,0.42752084,1.0
1.46375589,0.508337826,0.02196935,1.0
2.11293186,0.314577999,0.74363498,1.0
1.74079024,0.00457324224,0.09318974,1.0
1.07855104,0.53828988,0.52738573,1.0
1.78188537,0.758885087,0.76292181,1.0
1.64903739,0.959137057,0.54458496,1.0
1.51589969,0.653993837,0.46654986,1.0
1.31747118,0.20998523,0.54575291,1.0
1.39756331,0.422143707,0.98346054,1.0
1.03022005,0.696198477,0.01847478,1.0
1.23234482,0.899203755,0.09920975,1.0
0.94954066,0.395598361,0.05841708,1.0
1.90645887,0.329341062,0.61358015,1.0
1.01142163,0.311769909,0.26899957,1.0
1.37637543,0.633471527,0.54443274,1.0
0.87252439,0.839831159,0.13288823,1.0
1.28701105,0.518595261,0.22829997,1.0
1.58904416,0.732298629,0.9743763,1.0
1.23457137,0.452761392,0.03173667,1.0
0.93931299,0.498693496,0.17354381,1.0
1.66692004,0.0555169241,0.23356467,1.0
1.63848706,0.259043523,0.92533436,1.0
1.06368987,0.768611158,0.5857029,1.0
2.08411784,0.0345737078,0.55712695,1.0
1.64570255,0.403870123,0.41505173,1.0
2.11442405,0.00767358146,0.71602229,1.0
2.00260745,0.0686155918,0.09847992,1.0
1.67142587,0.364607341,0.8486026,1.0
1.58203883,0.588120822,0.55710125,1.0
1.51790763,0.681636199,0.63613784,1.0
1.6198315,0.0331021007,0.49733706,1.0
0.84587754,0.836124949,0.49018665,1.0
1.44419913,0.769692905,0.89676248,1.0
1.49568166,0.982049838,0.56140701,1.0
0.95795291,0.614945488,0.3223278,1.0
1.75848831,0.521485509,0.9353972,1.0
1.76729112,0.702790482,0.31961703,1.0
0.82638795,0.722923144,0.20187632,1.0
1.10932009,0.459779088,0.38126416,1.0
0.85108652,0.771293933,0.16440897,1.0
1.67568339,0.655129141,0.69517049,1.0
2.09662187,0.240020995,0.74193864,1.0
1.29667625,0.0995182831,0.30844091,1.0
1.66690666,0.524312298,0.36465644,1.0
1.49232919,0.851814802,0.92482469,1.0
1.73063908,0.16640634,0.93703353,1.0
1.21333419,0.272573952,0.33394208,1.0
1.86642128,0.306787966,0.56855941,1.0
1.7231001,0.275042308,0.19659437,1.0
1.60008629,0.178209941,0.60795637,1.0
1.95782233,0.380189457,0.64473005,1.0
1.49685028,0.870781831,0.11451027,1.0
1.27714653,0.0686796912,0.09619921,1.0
1.32634296,0.220534816,0.52259879,1.0
1.66144477,0.886344278,0.34883406,1.0
1.72512436,0.6921463,0.38342936,1.0
1.44675192,0.782991236,0.86429762,1.0
1.03416387,0.816572997,0.78775913,1.0
2.03892506,0.0700840443,0.66529852,1.0
0.89506002,0.878282998,0.24203605,1.0
1.57818327,0.18271485,0.33726753,1.0
1.30962508,0.273799396,0.82488287,1.0
1.46114284,0.144534327,0.90909299,1.0
1.46240193,0.218841881,0.23426879,1.0
1.01017906,0.307841427,0.20818195,1.0
2.00169543,0.27071888,0.44422424,1.0
1.0052039,0.226843439,0.16838268,1.0
1.69446619,0.375928266,0.4418017,1.0
1.13920843,0.0946068375,0.27204842,1.0
1.41637469,0.94366635,0.85965778,1.0
1.98811017,0.411950252,0.39170335,1.0
1.1179179,0.101599736,0.3056292,1.0
1.5042631,0.542240216,0.20964793,1.0
1.24496647,0.162988232,0.5712653,1.0
1.69570394,0.0164229973,0.93945254,1.0
1.32321127,0.375771517,0.74710867,1.0
1.46879365,0.0156459818,0.3643556,1.0
1.03889298,0.224834507,0.1940967,1.0
1.67021839,0.00100870883,0.48331587,1.0
1.8771747,0.221323618,0.4551458,1.0
1.3191513,0.316939511,0.73480125,1.0
1.88508097,0.241763587,0.13473804,1.0
1.62197733,0.878677416,0.68446711,1.0
0.82904886,0.821542704,0.11684684,1.0
1.63395943,0.901452693,0.17203976,1.0
1.07739604,0.846961257,0.5724794,1.0
0.89010007,0.876535795,0.21591089,1.0
1.43798239,0.259618483,0.37606275,1.0
1.50989009,0.0837813359,0.55348711,1.0
1.15056921,0.421549581,0.0776544,1.0
1.50136941,0.387690706,0.86605747,1.0
1.5851647,0.608812621,0.79927297,1.0
1.74313832,0.798975697,0.58822396,1.0
1.10524503,0.594213632,0.57884233,1.0
1.36924069,0.585604916,0.95534923,1.0
1.11242429,0.519426731,0.23875821,1.0
1.64961243,0.522867197,0.53734686,1.0
0.88349738,0.658200492,0.37595705,1.0
1.04033584,0.393722402,0.41539334,1.0
1.85463052,0.279833214,0.48061363,1.0
1.51621797,0.454937857,0.69928203,1.0
1.10007449,0.292680694,0.46135978,1.0
0.68990774,0.927872581,0.2467816,1.0
1.56830514,0.184599902,0.48076322,1.0
1.57008203,0.580606897,0.18343584,1.0
1.45948718,0.585657656,0.52785299,1.0
1.4457097,0.869932027,0.22224969,1.0
0.9391897,0.917827898,0.08286284,1.0
1.29136,0.138693453,0.15451715,1.0
1.30827026,0.0895788743,0.61401396,1.0
1.43449854,0.642565461,0.46344477,1.0
1.41209971,0.129935347,0.60425634,1.0
2.04575826,0.054956374,0.30539733,1.0
1.45234723,0.259676834,0.14036997,1.0
1.63269438,0.33449996,0.56006975,1.0
1.2449047,0.882780701,0.79924016,1.0
1.26088922,0.428266481,0.29248477,1.0
2.07373539,0.443012197,0.8273242,1.0
2.23868103,0.127304656,0.91206393,1.0
1.56421376,0.955711979,0.52188801,1.0
1.20547503,0.942701155,0.45689598,1.0
1.0933949,0.755336379,0.69294972,1.0
0.74176915,0.718032421,0.07924646,1.0
1.65158213,0.16761078,0.95926865,1.0
1.63207614,0.153540992,0.52505481,1.0
2.07415473,0.227929747,0.94200423,1.0
1.56133936,0.2627553,0.59404465,1.0
1.78830911,0.592123432,0.48082785,1.0
2.15296707,0.398656419,0.80200795,1.0
1.34813031,0.737394969,0.32512166,1.0
1.88037293,0.0275871351,0.7428872,1.0
1.2663071,0.548275753,0.59770181,1.0
1.68577076,0.279428419,0.42497132,1.0
0.95007495,0.994354134,0.79503343,1.0
1.59924043,0.994272387,0.3571644,1.0
1.2938423,0.388168774,0.09968825,1.0
1.96278197,0.216976196,0.46729901,1.0
1.07929569,0.566847377,0.63032992,1.0
1.8503556,0.346448236,0.52317535,1.0
1.21794179,0.858884951,0.48440173,1.0
0.89576832,0.663417456,0.12140289,1.0
1.83222497,0.141385332,0.13940761,1.0
1.83326303,0.893822541,0.89524139,1.0
1.77889537,0.950085021,0.8296985,1.0
1.94428319,0.315006698,0.31419932,1.0
1.63308192,0.219587402,0.15594583,1.0
1.76401959,0.215289066,0.91731206,1.0
1.76218153,0.48239256,0.34662684,1.0
1.76115424,0.267905855,0.28558322,1.0
1.11538772,0.600243629,0.74602155,1.0
2.34752134,0.0109814024,0.93872027,1.0
0.8278429,0.781321003,0.27533548,1.0
1.84519865,0.101381312,0.89299947,1.0
1.11393843,0.580465536,0.80444759,1.0
1.30700484,0.401059054,0.0827632,1.0
1.62062163,0.953647549,0.35626872,1.0
1.72436858,0.374004557,0.67019227,1.0
1.39589894,0.226691038,0.70419289,1.0
1.02751761,0.92127765,0.2947748,1.0
1.09713963,0.632365232,0.01997438,1.0
1.11087653,0.236335847,0.08396082,1.0
1.72263802,0.889544468,0.51430946,1.0
0.89445797,0.393970477,0.10422317,1.0
1.00870034,0.788241606,0.03565143,1.0
0.96298269,0.626363421,0.31293857,1.0
2.16789129,0.123732116,0.86048501,1.0
1.3311518,0.495740997,0.43550637,1.0
1.42232075,0.384346269,0.42313447,1.0
1.49063157,0.388554047,0.93385355,1.0
1.24502429,0.769012829,0.01732238,1.0
1.5930618,0.0744159989,0.0742112,1.0
1.83562804,0.6303311,0.60907865,1.0
1.83888654,0.434170566,0.91915177,1.0
1.76407083,0.276528618,0.66554771,1.0
1.42035397,0.0384412531,0.42786911,1.0
1.68134641,0.382949299,0.87216961,1.0
1.55005223,0.787353335,0.40826135,1.0
1.39475832,0.00993142664,0.63440025,1.0
2.06029139,0.0884986205,0.26941221,1.0
1.86601188,0.316680628,0.73342101,1.0
1.31747521,0.00011641896,0.59074507,1.0
1.61511767,0.953805707,0.86183935,1.0
1.25057845,0.131791038,0.28320683,1.0
